Date,Event
0-0-2600 BC,Indus Valley Civilization Flourishes
0-0-1400 BC,Battle of the Ten Kings
0-0-1206,Establishment of the Delhi Sultanate
21-4-1526,Battle of Panipat
1-5-1858,Establishment of British Raj
15-8-1947,Partition of India
3-12-1971,IndoUnknownPakistani War of 1971
11-5-1998,PokhranUnknownII Nuclear Tests
26-11-2008,Mumbai Terror Attacks
20-5-1498,Arrival of Vasco da Gama
23-6-1757,Battle of Plassey
10-5-1857,First War of Indian Independence
7-8-1905,Swadeshi Movement
0-0-1960,Green Revolution
1-6-1984,Operation Blue Star
0-5-1999,Kargil War
15-6-2005,Right to Information Act Enacted
16-12-2012,Nirbhaya Case
0-10-2022,Launch of 5G Services
5-8-2020,Ram Mandir Bhoomi Pujan
0-2-2018,India's First Hyperloop Project Announcement
15-8-1947,Indian Independence
0-10-1951,First General Elections
20-10-1962,SinoUnknownIndian War
18-5-1974,First Nuclear Test (Smiling Buddha)
25-6-1975,Emergency Declared by Indira Gandhi
3-12-1984,Bhopal Gas Tragedy
0-7-1991,Economic Reforms and Liberalization
24-12-1999,Kandahar Hijacking (IC 814)
13-12-2001,2001 Indian Parliament Attack
4-8-2009,Right to Education Act
5-8-2019,Article 370 Revocation for Jammu & Kashmir
9-11-2019,Supreme Court Verdict on Ayodhya
30-6-2009,Opening of BandraUnknownWorli Sea Link
31-10-2018,Statue of Unity Unveiled
30-7-2019,Triple Talaq Bill Passed
0-1-2020,India's First Transgender University
24-3-2020,Nationwide Lockdown due to COVIDUnknown19
25-6-1983,Historic Win in Cricket World Cup 1983
0-6-2013,2013 Uttarakhand Floods
24-9-2014,Indian Mars Orbiter Mission Success
24-9-2007,India Wins ICC T20 World Cup 2007
8-11-2016,India's Demonetisation Campaign
0-4-2016,Introduction of UPI (Unified Payment Interface)
5-9-2016,Jio Telecom Launch
30-7-2019,Abolition of Instant Triple Talaq
0-5-2020,Asiatic Lion Census Showing Population Increase
6-9-2018,Decriminalisation of Section 377
22-10-2008,Launch of ChandrayaanUnknown1
2-10-2014,Start of Swachh Bharat Mission
14-2-2019,Pulwama Terrorist Attack
30-11-2015,Historic Solar Alliance Initiative
1-7-2017,GST (Goods and Services Tax) Implementation
12-12-2019,Citizenship Amendment Act (CAA) Implementation
18-9-2016,2016 Uri Attack and Subsequent Surgical Strikes
28-12-1885,Formation of Indian National Congress
16-10-1905,Partition of Bengal
13-4-1919,Jallianwala Bagh Massacre
1-8-1920,NonUnknownCooperation Movement
4-2-1922,Chauri Chaura Incident
12-3-1930,Dandi March
0-11-1930,First Round Table Conference
26-1-1930,Purna Swaraj Declaration
8-8-1942,Quit India Movement
0-3-1942,Cripps Mission
0-0-1943,Bengal Famine of 1943
3-6-1947,Partition Plan Announced
0-0-1947,Integration of Princely States
26-1-1950,Constitution of India Adopted
1-4-1935,Reserve Bank of India (RBI)
15-8-1969,Indian Space Research Organisation (ISRO)
6-4-1980,Bharatiya Janata Party (BJP)
12-4-1988,Securities and Exchange Board of India (SEBI)
0-0-1653,Taj Mahal
0-0-1585,Golden Temple (Harmandir Sahib)
14-8-1947,Creation of Pakistan
22-10-1947,First IndoUnknownPak War
30-9-1947,Pakistan Joins the United Nations
23-3-1956,First Constitution of Pakistan
7-3-1971,East Pakistan demands autonomy
16-12-1971,Independence of Bangladesh
28-5-1998,Pakistan's Nuclear Tests (ChagaiUnknownI)
0-0-1999,Kargil Conflict
8-10-2005,2005 Kashmir Earthquake
27-12-2007,Assassination of Benazir Bhutto
15-6-2014,Operation ZarbUnknowneUnknownAzb
16-12-2014,2014 Peshawar School Massacre
20-4-2015,ChinaUnknownPakistan Economic Corridor (CPEC) Agreement
28-7-2017,Panama Papers Case & Disqualification of PM Nawaz Sharif
9-11-2019,Kartarpur Corridor Opening
0-0-2018,FATF Grey List
18-8-2018,Imran Khan Elected as Prime Minister
31-5-2018,Abolition of FATA
14-2-2019,2019 Pulwama Attack and IndiaUnknownPakistan Standoff
23-3-1960,MinarUnknowneUnknownPakistan Construction
23-3-1940,Lahore Resolution (Pakistan Resolution)
0-0-1984,Siachen Glacier Conflict
19-9-1960,Indus Water Treaty
0-0-1956,Pakistan Atomic Energy Commission Establishment
0-0-1972,Nationalization in Pakistan
22-1-1980,Islamabad Declaration
0-0-1997,Motorway Network Development
15-11-2006,Women's Protection Bill
10-12-2014,Malala Yousafzai's Nobel Peace Prize
0-0-1986,ChinaUnknownPakistan Friendship Highway Completion
0-0-2008,Benazir Income Support Programme Launch
19-4-2010,18th Amendment to the Constitution
16-7-1990,Pakistan's First Satellite Launch
29-11-2006,Protection of Women Act
0-0-1998,National Database and Registration Authority (NADRA) Establishment
0-0-1972,Karachi Nuclear Power Plant Operational
0-0-2004,HEC Digital Library Initiative
22-3-2002,Gwadar Port Development
24-12-2014,National Action Plan Against Terrorism
4-2-1948,Independence from British Rule
5-6-1956,Sinhala Only Act
23-7-1983,1983 Black July Riots
26-12-2004,Tsunami Disaster
18-5-2009,End of the Civil War
0-0-1945,Introduction of Free Education Act
22-5-1972,Republican Constitution of 1972
0-0-1977,Establishment of the Mahaweli Development Project
29-7-1987,1987 IndoUnknownSri Lanka Accord
22-2-2002,2002 Ceasefire Agreement with LTTE
18-5-2010,Victory over Terrorism Day
28-8-1950,Establishment of the Central Bank of Sri Lanka
4-2-1978,First Executive President Elected
0-0-1951,Free Health Policy Implementation
21-4-2019,2019 Easter Bombings
0-0-1942,Establishment of the University of Ceylon
0-0-1972,Land Reform Law Enacted
0-0-1931,Women's Franchise Act Passed
0-0-1967,Establishment of Sri Lanka Broadcasting Corporation
0-0-1982,Sigiriya Designated as a UNESCO World Heritage Site
0-0-105,Invention of Paper by Cai Lun
0-0-0,Introduction of Buddhism to China
0-0-600,Construction of the Great Wall
0-0-618,Tang Dynasty's Golden Age
0-0-960,Founding of the Song Dynasty
0-0-1271,Mongol Conquest and the Yuan Dynasty Establishment
0-0-1644,Fall of the Ming Dynasty and Rise of the Qing
0-0-1842,The Opium Wars and Treaty of Nanjing
0-0-1850,Taiping Rebellion
10-10-1911,Xinhai Revolution and the End of Imperial China
0-0-1934,Long March
0-0-1966,Cultural Revolution
1-7-1997,Handover of Hong Kong
8-8-2008,China Hosts the Olympic Games
0-0-150,Silk Road Establishment
0-0-850,Invention of Gunpowder
0-0-1050,Invention of the Compass
0-0-650,Invention of Printing Technology
0-0-208,Battle of Red Cliffs
0-0-650,The Grand Canal Construction
0-0-1430,Zheng He's Expeditions
0-0-1430,Ming Dynasty's Voyages of Zheng He
0-0-1644,Qing Dynasty's Establishment
0-0-1900,Boxer Rebellion
4-5-1919,May Fourth Movement
0-0-1979,OneUnknownChild Policy Introduced
0-0-1937,SinoUnknownJapanese War (Second)
0-0-1992,Deng Xiaoping's Southern Tour
1-7-1997,Return of Hong Kong
20-12-1999,Return of Macau
8-8-2008,2008 Beijing Olympics
15-6-2001,Shanghai Cooperation Organization Establishment
0-0-220,Three Kingdoms Period Begins
0-0-755,An Lushan Rebellion
0-0-1290,Marco Polo's Visit to Yuan Dynasty China
0-0-1420,Forbidden City Completion
0-0-1530,Jesuit Missionaries Arrive in Ming Dynasty
0-0-1842,Treaty of Nanking Signed
1-10-1949,Establishment of the People's Republic of China
0-0-1978,Economic Reform and OpeningUnknownup Policy Initiated
1-10-1949,Founding of the People's Republic of China
0-0-1958,Great Leap Forward
0-0-1966,Cultural Revolution
0-0-1972,SinoUnknownAmerican Rapprochement
0-0-1978,Reform and OpeningUnknownup Policy
0-6-1989,Tiananmen Square Protests
1-7-1997,Hong Kong Handover
11-12-2001,China Joins the World Trade Organization (WTO)
8-8-2008,2008 Beijing Olympic Games
0-0-2013,Belt and Road Initiative Announced
0-0-2002,SARS Epidemic
14-3-2005,AntiUnknownSecession Law Passed
0-0-2008,HighUnknownSpeed Rail Expansion
1-5-2010,Shanghai World Expo
14-3-2013,Xi Jinping Assumes Presidency
0-0-2015,Made in China 2025 Initiative Announced
12-7-2016,South China Sea Arbitration Ruling
1-12-2020,Chang'eUnknown5 Moon Mission Success
30-12-2020,Comprehensive Agreement on Investment with the EU
0-0-882,Foundation of Kievan Rus'
0-0-1237,Mongol Invasion of Rus'
8-9-1380,Battle of Kulikovo
0-0-1490,Ivan III Tripled the Territory of Russia
0-0-1598,Time of Troubles
0-0-1730,Peter the Great's Reforms
0-0-1905,RussoUnknownJapanese War
25-10-1917,October Revolution
0-0-1922,Russian Civil War
0-0-1938,Stalin's Great Purge
22-6-1941,Nazi Germany Invades the Soviet Union
9-5-1945,Victory in the Great Patriotic War
3-3-1918,Treaty of BrestUnknownLitovsk
7-3-1921,Kronstadt Rebellion
30-12-1922,Formation of the USSR
0-0-1929,Collectivization of Agriculture
0-0-1928,First FiveUnknownYear Plan Initiated
30-11-1939,SovietUnknownFinnish Winter War
8-9-1941,Siege of Leningrad
17-7-1942,Battle of Stalingrad
19-10-1943,Moscow Conference of Foreign Ministers
4-2-1945,Yalta Conference
5-3-1953,Death of Joseph Stalin
4-10-1957,Launch of Sputnik 1
16-10-1962,Cuban Missile Crisis
25-2-1956,Khrushchev's Secret Speech
20-8-1968,The Prague Spring and its Suppression
24-12-1979,SovietUnknownAfghan War
0-0-1975,Perestroika and Glasnost Reforms
26-4-1986,Chernobyl Nuclear Disaster
9-11-1989,Fall of the Berlin Wall
26-12-1991,Dissolution of the Soviet Union
12-6-1991,Boris Yeltsin Elected as First President of Russia
21-9-1993,Constitutional Crisis in Russia
17-8-1998,Financial Crisis in Russia
7-5-2000,Putin's First Presidential Term
23-10-2002,Moscow Theater Hostage Crisis
1-9-2004,Beslan School Siege
18-3-2014,Russia's Annexation of Crimea
30-9-2015,Intervention in the Syrian Civil War
4-3-2018,Skripal Poisoning Incident
0-0-538,Asuka Period Begins
0-0-645,Taika Reforms
0-0-710,Nara Period Begins
0-0-794,Heian Period Begins
0-0-1030,The Tale of Genji by Murasaki Shikibu
0-0-1185,Kamakura Shogunate Established
0-0-1274,Mongol Invasions of Japan
0-0-1336,Muromachi Period Begins
0-0-1467,Onin War
0-0-1543,Introduction of Firearms by Portuguese
0-0-1568,AzuchiUnknownMomoyama Period Begins
0-0-1603,Tokugawa Shogunate Established
0-0-1635,Sakoku Edict of 1635
0-0-1868,Meiji Restoration
0-0-1894,SinoUnknownJapanese War
0-0-1904,RussoUnknownJapanese War
0-0-1912,Taisho Democracy
18-9-1931,Japanese Invasion of Manchuria
7-7-1937,Second SinoUnknownJapanese War
9-8-1945,Atomic Bombings of Hiroshima and Nagasaki
8-7-1853,Perry Expedition and Opening of Japan
0-0-1868,Boshin War
0-0-1871,Iwakura Mission
0-0-1877,Satsuma Rebellion
0-0-1894,First SinoUnknownJapanese War
22-8-1910,JapanUnknownKorea Annexation Treaty
0-0-1922,Washington Naval Conference
18-9-1931,Manchurian Incident
7-7-1937,Marco Polo Bridge Incident
2-9-1945,Japan's Surrender in World War II
8-9-1951,San Francisco Peace Treaty Signed
18-12-1956,Japan Joins the United Nations
0-0-1960,Income Doubling Plan Announced
10-10-1964,Tokyo Olympics
15-3-1970,Osaka Expo '70
0-0-1973,Oil Crisis and Economic Shift
29-9-1972,JapanUnknownChina Joint Communiqué
8-1-1989,Heisei Era Begins
17-1-1995,Great Hanshin Earthquake
20-3-1995,Aum Shinrikyo Tokyo Subway Sarin Attack
15-8-1995,Japan's Apology for WWII Aggressions
11-12-1997,Kyoto Protocol on Climate Change
11-3-2011,Fukushima Daiichi Nuclear Disaster
28-12-2015,JapanUnknownKorea Comfort Women Agreement
30-4-2019,Emperor Akihito's Abdication
24-3-2020,2020 Tokyo Olympics Postponement
1-5-2019,Reiwa Era Begins
26-1-1788,Arrival of the First Fleet
0-0-1803,Establishment of the Colony of Van Diemen's Land
0-0-1851,Gold Rushes Begin
3-12-1854,Eureka Stockade
1-1-1901,Establishment of the Commonwealth of Australia
25-4-1915,ANZAC troops land at Gallipoli
0-0-1917,The Great Strike of 1917
0-0-1902,Women's Suffrage Achieved
0-0-1929,The Great Depression Hits Australia
19-3-1932,Sydney Harbour Bridge Opens
0-0-1949,Australian Citizenship Act
19-2-1942,Darwin Bombing by Japanese Forces
0-0-1942,Kokoda Trail Campaign
3-9-1939,Australian Involvement in WWII Begins
10-6-1838,Myall Creek Massacre
30-8-1835,The Founding of Melbourne
0-0-1891,The Shearers' Strike
1-1-1901,Federation of Australia
0-0-1914,Australian Imperial Force's Formation
13-1-1939,Black Friday Bushfires
1-9-1951,Signing of the ANZUS Treaty
3-6-1992,Mabo v Queensland Decision
0-0-1975,Introduction of the Universal Health Care System
20-10-1973,Sydney Opera House Opens
27-5-1967,1967 Referendum on Indigenous Australians
0-0-1962,Australia's Involvement in the Vietnam War
11-11-1975,Whitlam Government's Dismissal
28-4-1996,Port Arthur Massacre
3-3-1986,Australia Act 1986
13-2-2008,Apology to Australia's Indigenous Peoples
0-0-1950,Korean War Involvement
1-9-1951,ANZUS Treaty Signing
0-0-1962,Vietnam War Involvement
0-0-1976,Aboriginal Land Rights Act
20-10-1973,Sydney Opera House Opens
11-11-1975,Whitlam Government Dismissal
0-0-1986,Australia Acts 1986
3-6-1992,Mabo Decision by the High Court
28-4-1996,Port Arthur Massacre
15-9-2000,Sydney 2000 Summer Olympics
13-2-2008,Apology to the Stolen Generations
1-7-2000,Introduction of Goods and Services Tax (GST)
7-12-2017,SameUnknownSex Marriage Legalization
0-8-2001,"""Tampa"" Refugee Crisis"
7-2-2009,Black Saturday Bushfires
17-7-2014,Repeal of Carbon Tax
0-0-2013,Royal Commission into Institutional Responses...
24-6-2010,Australia's First Female Prime Minister
6-2-1840,Signing of the Treaty of Waitangi
0-0-1845,New Zealand Wars
0-0-1861,Gold Rushes Begin
0-0-1852,Introduction of the New Zealand Constitution Act
19-9-1893,Women's Suffrage Achieved
0-0-1938,Creation of the Welfare State
0-0-1867,Māori Seats Established in Parliament
10-6-1886,Mount Tarawera Eruption
0-0-1882,Refrigerated Shipping Invented
25-4-1915,Anzac Forces Land at Gallipoli
0-0-1935,Labour Party Elected for the First Time
0-0-1920,Ratana Movement Political Involvement
0-0-1938,Social Security Act Passed
0-0-1939,New Zealand Expeditionary Force in WWII
0-0-1936,National Party Founded
0-0-1937,State Housing Introduced
0-0-1934,Waitangi Day Established
0-0-1935,1st Labour Government Elected
0-0-1949,Compulsory Military Training Introduced
0-0-1950,Construction of Auckland Harbour Bridge
0-0-1975,Treaty of Waitangi Act 1975
0-0-1986,ANZUS Treaty Suspension
8-6-1987,Introduction of Nuclear Free Zone
9-7-1986,Homosexual Law Reform Act
0-0-1984,Rogernomics Initiatives Begin
0-0-1991,Resource Management Act Enacted
0-0-1981,1981 Springbok Tour Protests
0-0-1975,Waitangi Tribunal Established
22-2-2011,2011 Christchurch Earthquake
0-0-2004,Foreshore and Seabed Controversy
5-12-1997,New Zealand's First Female Prime Minister
0-0-1987,AntiUnknownNuclear Legislation Enacted
0-0-1975,Auckland Harbour Bridge Protests
0-0-1993,MMP Electoral System Introduced
0-0-1998,New Zealand Signs Kyoto Protocol
0-0-1987,1987 New Zealand Constitution Act
0-0-1990,New Zealand Bill of Rights Act
0-0-2004,Formation of the Māori Party
0-0-1987,Recognition of the Māori Language
0-0-1986,Decriminalization of Homosexuality
0-0-918,Establishment of Goryeo Dynasty
0-0-1231,Mongol Invasions of Korea
0-0-1392,Establishment of Joseon Dynasty
0-0-1592,Japanese Invasions of Korea (Imjin War)
0-0-1627,Manchu Invasions of Korea
0-0-1894,The Gabo Reform
8-10-1895,Assassination of Empress Myeongseong
12-10-1897,Korean Empire Proclaimed
0-0-1904,RussoUnknownJapanese War
22-8-1910,JapanUnknownKorea Annexation Treaty
1-3-1919,March 1st Movement
11-4-1919,Establishment of the Provisional Government
15-8-1945,Korean Liberation
0-0-1945,Division of Korea
15-8-1948,Establishment of the Republic of Korea
9-9-1948,Establishment of the Democratic People's Republic of Korea
0-0-1948,Jeju Uprising
25-6-1950,Korean War
0-0-1945,US Military Government in South Korea
0-0-1945,Soviet Occupation of North Korea
25-6-1950,Korean War
27-7-1953,Armistice Agreement
0-0-1955,Establishment of the Juche Ideology
23-1-1968,Pueblo Incident
8-7-1994,Kim IlUnknownsung’s Death
9-10-2006,North Korea's First Nuclear Test
19-4-1960,April Revolution
16-5-1961,May 16 Coup
18-5-1980,Gwangju Uprising
17-9-1988,Seoul Olympics
0-0-1990,Kim DaeUnknownjung’s Sunshine Policy
31-5-2002,2002 FIFA World Cup
12-3-2004,Impeachment of President Roh MooUnknownhyun
0-0-2017,THAAD Deployment Controversy
27-4-2018,2018 InterUnknownKorean Summit
25-5-2009,Second Nuclear Test
17-12-2011,Death of Kim JongUnknownil
0-0-2012,Kim JongUnknownun Assumes Power
7-5-1954,Battle of Điện Biên Phủ
21-7-1954,Geneva Accords
0-0-1960,Establishment of the National Liberation Front
2-8-1964,Gulf of Tonkin Incident
30-1-1968,Tết Offensive
27-1-1973,Paris Peace Accords
30-4-1975,Fall of Saigon
2-7-1976,Reunification of Vietnam
11-7-1995,Normalization of USUnknownVietnam Relations
28-7-1995,Vietnam Joins ASEAN
11-1-2007,Vietnam Joins the World Trade Organization
10-10-2010,1000th Anniversary of Hanoi
6-11-2017,Vietnam Hosts APEC Summit
0-0-2007,"Resolution on ""Vietnam's Marine Strategy to 2020"""
19-4-2008,Vietnam's First Communication Satellite
21-5-2016,Historic US Presidential Visit to Vietnam
0-0-2020,COVIDUnknown19 Pandemic Response
4-11-2017,Typhoon Damrey Strikes Vietnam
0-0-968,Establishment of Đại Việt
0-0-1009,Lý Dynasty Founded
0-0-1258,Trần Dynasty Defeats Mongol Invasions
0-0-1400,Hồ Dynasty's Adoption of NeoUnknownConfucianism
0-0-1428,Lê Dynasty Restoration
0-0-1650,Nguyễn Dynasty's Expansion Southwards
0-0-1771,Tay Son Rebellion
0-0-1802,Gia Long Becomes Emperor
0-0-1858,French Colonization Begins
0-0-1908,Hanoi Poison Plot
0-0-1927,Founding of the Vietnamese Nationalist Party
0-0-1930,Yên Bái Mutiny
3-2-1930,Establishment of the Indochinese Communist Party
0-0-1940,Japanese Occupation of Vietnam
14-8-1945,August Revolution
2-9-1945,Declaration of Independence
19-12-1946,First Indochina War Begins
0-0-1954,Battle of Điện Biên Phủ
0-0-1941,Formation of the Viet Minh
0-0-1744,First Saudi State Established
0-0-1818,Destruction of the First Saudi State
0-0-1824,Establishment of the Second Saudi State
0-0-1925,Annexation of Hejaz
0-0-1929,Ikhwan Revolt
0-0-1927,Treaty of Jeddah
3-3-1938,Discovery of Oil
0-0-1933,Founding of Saudi Aramco
23-9-1932,Establishment of the Kingdom of Saudi Arabia
0-0-1934,SaudiUnknownYemeni War
0-0-1926,Introduction of Modern Education
0-0-1927,Establishment of Sharia Law
0-0-1928,Creation of the Saudi Riyal
0-0-1912,Formation of the Saudi Arabian National Guard
0-0-1934,Treaty of Taif
0-0-1948,Participation in the ArabUnknownIsraeli War
0-0-1947,Construction of the TransUnknownArabian Pipeline
0-0-1945,Founding Member of the Arab League
0-0-1949,Establishment of King Abdulaziz University
0-0-1947,Saudi Recognition of Pakistan
24-10-1945,Saudi Arabia Becomes a Member of the UN
0-0-1970,Oil Revenue Boom
20-11-1979,Juhayman alUnknownOtaybi's Seizure of the Grand Mosque
22-9-1980,IranUnknownIraq War and Saudi Involvement
2-8-1990,First Gulf War
1-3-1992,Introduction of the Basic Law of Governance
11-12-2005,Saudi Arabia Joins the WTO
12-5-2003,Riyadh Compound Bombings
1-8-2005,King Abdullah's Ascension
25-4-2016,Vision 2030 Announced
24-6-2018,Women Allowed to Drive
4-11-2017,AntiUnknownCorruption Campaign
26-3-2015,Saudi Intervention in Yemen
2-10-2018,Khashoggi Assassination
4-11-2017,RitzUnknownCarlton Riyadh Detentions
21-11-2020,G20 Summit Hosted in Riyadh
29-1-1819,Founding of Modern Singapore
6-2-1824,Treaty of Friendship and Alliance
0-0-1826,Straits Settlements Establishment
15-2-1942,Japanese Occupation
8-2-1942,Battle of Singapore
18-2-1942,Sook Ching Massacre
12-9-1945,Return of the British
0-0-1945,PostUnknownwar Recovery
0-0-1949,University of Malaya Formation
0-0-1950,Maria Hertogh Riots
3-6-1959,SelfUnknowngovernance Achieved
16-9-1963,Merger with Malaysia
9-8-1965,Separation and Independence
17-3-1967,National Service Introduced
0-0-1970,Economic Development
0-0-1979,Speak Mandarin Campaign Launched
30-11-1991,Elected Presidency Introduced
17-3-1824,Signing of the AngloUnknownDutch Treaty
15-2-1942,Surrender of Singapore to Japan
21-9-1965,Singapore Joins the United Nations
31-1-1974,Laju Ferry Hijacking
29-1-1983,Cable Car Disaster
15-3-1986,Hotel New World Collapse
7-7-1986,Execution of Barlow and Chambers
0-0-1901,AngloUnknownPersian Oil Company Agreement
0-0-1920,British Mandate of Mesopotamia
0-0-1917,Alash Autonomy Declaration
0-0-1920,Bukhara Emirate Overthrown by Bolsheviks
0-0-1910,Treaty of Punakha
0-0-1153,Introduction of Islam officially
0-0-1942,Japanese Occupation of Malaya
0-0-1906,Constitutional Revolution
0-0-1932,Foundation of Modern Iraq
0-0-1930,Forced Collectivization by Soviets
0-0-1924,Samarkand becomes part of the Uzbek SSR
0-0-1629,Establishment of Simtokha Dzong
0-0-1887,Sultanate Becomes a British Protectorate
0-0-1946,Formation of the United Malays National Organisation
0-0- 1754 BC ,Hammurabi's Code of Laws
0-0-1200,Golden Horde Rule
0-0-746,Introduction of Buddhism
0-0-1153,Conversion to Islam
0-0-1402,Malacca Sultanate Established
0-0-651,Islamic Conquest of Persia
0-0-762,Foundation of Baghdad
0-0-1731,Arrival of the Russians
0-0-1405,Timurid Empire Peaks
0-0-1634,Unification of Bhutan
0-0-1558,Sultanate ReUnknownestablished
0-0-1824,British Colonization Begins
0-0-1907,AngloUnknownRussian Agreement
0-0-1920,Creation of Iraq by the League of Nations
0-0-1954,Virgin Lands Campaign
0-0-1924,Establishment of Uzbek SSR
0-0-1865,Treaty of Sinchula
0-0-1940,Introduction of English as a Medium of Education
0-0-1941,Japanese Occupation of Malaya
0-0-1951,Nationalization of Oil Industry
0-0-1955,Baghdad Pact
0-0-1954,Kengir Uprising
0-0-1930,Collectivization in Uzbekistan
0-0-1953,Establishment of the National Assembly
0-0-1932,First Constitution of Maldives
0-0-1948,Malayan Emergency
0-0-1925,Reza Shah's Modernization Efforts
0-0-1921,Faisal I Becomes King of Iraq
0-0-1500,Silk Road Decline
0-0-1864,Duar War (BritishUnknownBhutan War)
0-0-1953,Sultanate Abolished and Restored
0-0-1895,Federated Malay States Formed
0-0-1951,AngloUnknownIranian Oil Company Nationalized
0-0-1932,Kingdom of Iraq Independence
0-0-1932,Famine of 1932Unknown1933
0-0-1920,Bukharan People's Soviet Republic Formed
0-0-1907,Establishment of Monarchy
0-0-1932,Introduction of First Constitution
0-0-1905,Constitutional Revolution
0-0-1914,British Occupation of Basra
0-0-1930,Forced Sedentarization of Nomads
0-0-1865,Russian Conquest of Tashkent
0-0-1910,Treaty of Punakha with British India
0-0-1887,Formal British Protectorate Status
0-0-1942,Japanese Occupation
0-0-1951,Mossadegh's Premiership and Oil Nationalization
0-0-1958,14 July Revolution
0-0-1922,Accession to the Soviet Union
0-0-1924,Establishment of the Uzbek Soviet Socialist Republic
0-0-1961,First FiveUnknownYear Plan
0-0-1959,Suvadive Rebellion
0-0-1948,Formation of Federation of Malaya
0-8-1953,1953 Iranian Coup d'état
0-2-1979,1979 Iranian Revolution
0-7-1958,1958 Iraqi Revolution
0-9-1980,IranUnknownIraq War
0-1-1991,Gulf War
16-12-1991,Independence from the Soviet Union
0-0-1997,Capital Moved to Astana
1-9-1991,Independence from the Soviet Union
0-9-2016,Death of Islam Karimov
0-6-1999,Introduction of Television
0-3-2008,First Democratic Elections
0-6-2005,Introduction of a Multiparty System
26-12-2004,2004 Tsunami Impact
31-8-1957,Independence from the United Kingdom
16-9-1963,Formation of Malaysia
13-5-1969,1969 Race Riots
0-0-1971,New Economic Policy Introduced
0-6-2009,Green Movement
10-6-2014,ISIS Captures Mosul
16-12-2011,Zhanaozen Massacre
0-9-2017,Currency Convertibility Introduced
0-0-1972,Gross National Happiness Introduced
0-2-2018,Political Crisis and State of Emergency
0-0-2015,1MDB Scandal
8-5-2018,US Withdrawal from the JCPOA
0-10-2019,Protests Against Corruption and Unemployment
19-3-2019,Presidential Transition
0-0-2016,Release of Political Prisoners
17-12-2020,Decriminalization of Homosexuality
23-9-2018,Presidential Election Victory of Ibrahim Solih
9-5-2018,Pakatan Harapan Electoral Victory
8-3-2014,Malaysia Airlines Flight MH370 Disappearance
12-8-1985,Japan Airlines Flight 123
25-5-2002,China Airlines Flight 611
6-8-1997,Korean Air Flight 801
28-12-2014,AirAsia Flight QZ8501
28-9-1992,Pakistan International Airlines Flight 268
11-12-1994,Philippine Airlines Flight 434
19-12-1997,SilkAir Flight 185
16-9-2007,OneUnknownTwoUnknownGO Airlines Flight 269
16-4-2014,MV Sewol Ferry Sinking
11-3-2011,Fukushima Daiichi Nuclear Disaster
23-7-2011,Wenzhou Train Collision
20-12-1987,MV Doña Paz Collision
24-10-1960,Nedelin Catastrophe
29-5-2006,Sidoarjo Mud Flow
23-6-2018,Tham Luang Cave Rescue
4-7-1776,Declaration of Independence
30-4-1803,Louisiana Purchase
12-4-1861,Civil War
18-8-1920,Women's Suffrage (19th Amendment)
29-10-1929,Stock Market Crash of 1929
20-7-1969,Moon Landing (Apollo 11)
2-7-1964,Civil Rights Act of 1964
11-9-2001,September 11 Attacks
19-4-2021,First Mars Helicopter Flight
17-5-1954,Brown v. Board of Education
0-0-1955,Vietnam War
17-6-1972,Watergate Scandal
28-1-1986,Challenger Space Shuttle Disaster
9-11-1989,Fall of the Berlin Wall
19-4-1995,Oklahoma City Bombing
29-8-2005,Hurricane Katrina
0-0-2013,Black Lives Matter Movement
28-6-2012,Supreme Court Upholds Obamacare
0-0-2017,USUnknownMexico Border Wall Expansion
26-6-2015,SameUnknownSex Marriage Legalization
0-0-2017,#MeToo Movement
6-1-2021,Capitol Riot
0-0-2020,George Floyd Protests and Derek Chauvin Trial
20-1-2021,Paris Agreement Rejoining
29-10-2012,Hurricane Sandy
0-0-2010,Affordable Care Act (Obamacare) Implementation
28-8-1963,March on Washington for Jobs and Freedom
22-11-1963,Assassination of President John F. Kennedy
28-6-1969,Stonewall Riots
22-1-1973,Roe v. Wade Supreme Court Decision
0-0-1990,Tech Boom and DotUnknowncom Bubble
26-10-2001,Enactment of the Patriot Act
0-0-2008,Housing Market Crash and Great Recession
12-8-2017,Charlottesville Rally and Violence
6-12-2017,US Recognition of Jerusalem as Israel's Capital
6-1-2021,January 6 Capitol Attack
30-8-2021,Withdrawal from Afghanistan
20-1-2021,First Woman Vice President Elected
24-6-2022,Supreme Court Overturns Roe v. Wade
25-12-2021,Launch of James Webb Space Telescope
16-12-1773,Boston Tea Party
0-5-1804,Lewis and Clark Expedition
0-1-1848,California Gold Rush
19-7-1848,Seneca Falls Convention
1-1-1863,Emancipation Proclamation
10-5-1869,Transcontinental Railroad Completed
0-4-1898,SpanishUnknownAmerican War
17-12-1903,Wright Brothers' First Flight
0-4-1846,MexicanUnknownAmerican War
6-3-1857,Dred Scott Decision
20-5-1862,Homestead Act
15-8-1914,Completion of the Panama Canal
6-4-1917,Entry into World War I
17-1-1920,Prohibition Era Begins
14-8-1935,Social Security Act
7-12-1941,Attack on Pearl Harbor
0-7-1945,Manhattan Project and Atomic Bombing of Hiroshima and Nagasaki
0-0-1948,Marshall Plan Implementation
26-6-1945,United Nations Charter Ratification
14-5-1607,Founding of Jamestown
0-2-1692,Salem Witch Trials
0-0-1754,French and Indian War
5-3-1770,Boston Massacre
0-10-1787,Writing of the Federalist Papers
0-6-1812,War of 1812
0-3-1820,Missouri Compromise
0-0-1838,Trail of Tears
0-9-1850,Compromise of 1850
30-5-1854,KansasUnknownNebraska Act
30-3-1867,Alaska Purchase
0-0-1865,Reconstruction Era
0-0-1870,Gilded Age
1-7-1867,Confederation of Canada
7-11-1885,Completion of the Canadian Pacific Railway
9-4-1917,Battle of Vimy Ridge
27-7-1921,Discovery of Insulin
31-3-1949,Newfoundland Joins Canada
15-2-1965,Adoption of the Maple Leaf Flag
9-9-1969,Official Languages Act
17-4-1982,Canada Act 1982 (Patriation of the Constitution)
11-7-1990,Oka Crisis
17-12-1992,NAFTA Agreement Signed
11-6-2008,Apology to Residential School Survivors
12-2-2010,Vancouver Winter Olympics
20-7-2005,Legalization of SameUnknownSex Marriage
17-10-2018,Cannabis Legalization
8-12-2015,Murdered and Missing Indigenous Women Inquiry
1-5-2016,Fort McMurray Wildfire
1-4-1999,Establishment of Nunavut
30-10-1995,Quebec Referendum on Sovereignty
26-10-1992,Charlottetown Accord Referendum
0-0-1869,Red River Resistance
0-0-1896,Klondike Gold Rush
6-12-1917,Halifax Explosion
0-0-1942,Internment of Japanese Canadians
13-2-1947,Discovery of Oil in Alberta
18-11-1926,Balfour Declaration of 1926
11-12-1931,Statute of Westminster
0-0-1944,Conscription Crisis of 1944
27-7-1921,Discovery of Insulin
31-3-1949,Joining of Newfoundland
15-2-1965,Creation of the Canadian Flag
9-9-1969,Official Languages Act
17-4-1982,Patriation of the Canadian Constitution
1-4-1999,Establishment of Nunavut
15-6-1215,Signing of the Magna Carta
0-3-1534,Establishment of the Church of England
8-8-1588,Defeat of the Spanish Armada
24-3-1603,Union of the Crowns
22-8-1642,English Civil War Begins
29-5-1660,The Restoration of the Monarchy
1-5-1707,Act of Union with Scotland
0-0-1760,Industrial Revolution Begins
1-1-1801,Act of Union with Ireland
21-10-1805,Battle of Trafalgar
0-0-1832,Reform Act 1832
20-6-1837,Queen Victoria's Reign Begins
24-11-1859,"Publication of Darwin's ""On the Origin of Species"""
0-0-1948,Establishment of the Welfare State
0-0-1947,Decolonization Begins
0-0-1956,Suez Crisis
0-0-1962,The Beatles' Rise to Fame
2-4-1982,Falklands War
10-4-1998,Good Friday Agreement
23-6-2016,Brexit Referendum
2-9-1666,Great Fire of London
25-3-1807,Abolition of the Slave Trade Act
27-9-1825,First Railway Line Opens
6-2-1918,Women's Suffrage Achieved
10-7-1940,Battle of Britain
5-7-1948,National Health Service Established
10-5-1997,First Human DNA Sequencing
11-9-1997,Scottish Devolution Referendum
7-7-2005,London Underground Bombings
27-7-2012,2012 London Olympics
29-3-2014,SameUnknownSex Marriage Legalized
18-9-2014,Scottish Independence Referendum
14-6-2017,Grenfell Tower Fire
0-0-2020,COVIDUnknown19 Pandemic in the UK
9-4-2021,Prince Philip's Death
10-1-1840,Introduction of the Penny Post
2-11-1936,First Television Broadcast by BBC
6-12-1921,Signing of the AngloUnknownIrish Treaty
28-4-1949,Creation of the Commonwealth of Nations
0-0-1337,Start of the Hundred Years' War
0-0-1688,The Glorious Revolution
18-6-1815,Battle of Waterloo
0-0-1838,Chartist Movement
28-9-1928,Discovery of Penicillin
16-9-1992,British Exit from the European Exchange Rate Mechanism
2-6-1953,Queen Elizabeth II's Coronation
5-7-1996,First Cloned Mammal Unknown Dolly the Sheep
17-7-2005,UK Hosts the G8 Summit
13-7-2016,Theresa May becomes Prime Minister
2-12-2020,UK Authorizes COVIDUnknown19 Vaccine
0-0-2500 BC,Stonehenge Completion
20-1-1265,First English Parliament
25-10-1415,Battle of Agincourt
0-0-1348,The Plague (Black Death) Arrives in England
0-0-1588,The Armada Portrait of Elizabeth I
3-11-1534,Act of Supremacy
30-1-1972,Bloody Sunday in Northern Ireland
0-1-1963,The Big Freeze of 1963
0-0-1987,UK Hosts the First Rugby World Cup
10-10-732,Battle of Tours
0-0-843,Signing of the Treaty of Verdun
25-12-800,Coronation of Charlemagne as Holy Roman Emperor
27-11-1095,Launch of the First Crusade
0-0-1150,Establishment of the University of Paris
0-0-1337,Start of the Hundred Years' War
8-5-1429,Joan of Arc lifts the Siege of Orléans
19-10-1453,End of the Hundred Years' War
0-0-1495,Beginning of the French Renaissance
13-4-1598,Publication of the Edict of Nantes
14-7-1789,Start of the French Revolution
21-1-1793,Execution of Louis XVI
9-11-1799,Napoleon Bonaparte's Coup d'Etat
21-3-1804,Napoleonic Code Enacted
19-7-1870,FrancoUnknownPrussian War
4-10-1958,Establishment of the Fifth Republic
0-5-1968,May 1968 Protests
18-5-2013,SameUnknownSex Marriage Legalized
15-4-2019,NotreUnknownDame de Paris Fire
17-11-2018,Yellow Vest Protests
15-7-2018,France Wins the 2018 FIFA World Cup
25-10-1415,Battle of Agincourt
14-7-1789,French Revolution Begins
21-1-1793,Louis XVI Executed
5-9-1793,Reign of Terror Begins
2-12-1804,Napoleon Crowned Emperor
18-6-1815,End of Napoleonic Wars
2-12-1852,Second French Empire Declared
18-3-1871,Paris Commune
0-0-1894,Dreyfus Affair
21-4-1944,Women Gain the Right to Vote
25-3-1957,Signing of the Treaty of Rome
0-5-1968,May 1968 Student Protests
1-1-1999,Introduction of the Euro
1-1-2007,France Bans Smoking in Public Places
0-0-509,Rise of the Roman Republic
0-0-264,Punic Wars Begin
4-9-476,Fall of the Western Roman Empire
25-12-800,Crowning of Charlemagne
27-11-1095,First Crusade Announced
9-4-1454,Signing of the Treaty of Lodi
29-5-1453,Fall of Constantinople
0-0-1503,Leonardo da Vinci Completes the Mona Lisa
6-5-1527,Sack of Rome
25-8-1609,Galileo Galilei's Telescope Presentation
11-4-1713,Treaty of Utrecht Ends the War of Spanish Succession
17-3-1861,Unification of Italy Proclaimed
28-10-1922,Mussolini's March on Rome
11-2-1929,Signing of the Lateran Treaty
10-6-1940,Italy Enters World War II
25-7-1943,Fall of Mussolini
2-6-1946,Italian Republic Established
25-3-1957,Signing of the Treaty of Rome
4-11-1966,Flooding of the Arno River
16-3-1978,Aldo Moro Kidnapping and Murder
17-2-1992,Mani Pulite (Clean Hands) Investigation Begins
27-3-1994,Berlusconi Elected Prime Minister
10-2-2006,2006 Winter Olympics in Turin
6-4-2009,L'Aquila Earthquake
13-1-2012,Costa Concordia Shipwreck
1-5-2015,Expo 2015 in Milan
3-8-1492,Funding of Christopher Columbus' Voyage
0-0-1492,Reconquista Completion
8-8-1588,Spanish Armada
7-11-1659,Treaty of the Pyrenees
0-0-1701,War of Spanish Succession
1-11-1478,Establishment of the Spanish Inquisition
0-0-1898,Fall of the Spanish Empire
17-7-1936,Spanish Civil War
20-11-1975,Transition to Democracy
11-3-2004,2004 Madrid Train Bombings
25-4-1898,SpanishUnknownAmerican War
1-1-1986,Entry into the European Union
12-10-1492,Discovery of the Americas
31-3-1492,Expulsion of the Jews
21-10-1805,Battle of Trafalgar
0-0-1469,Union of Castile and Aragon
0-0-1650,The Spanish Golden Age
0-0-1701,War of the Spanish Succession
11-4-1713,Signing of the Treaty of Utrecht
2-5-1808,Peninsular War
19-3-1812,Spanish Constitution of 1812
0-0-1898,SpanishUnknownAmerican War
1-4-1939,Francoist Spain
0-0-1975,Spanish Transition to Democracy
25-7-1992,Barcelona Olympics
8-12-2000,AntiUnknownterrorism Pact
0-0-2008,Financial Crisis Impact
1-10-2017,Catalan Independence Referendum
8-3-2018,Women's Rights March
24-10-2019,Exhumation of Francisco Franco
7-9-2013,Madrid's Bid for 2020 Olympics
30-6-2005,Approval of SameUnknownSex Marriage
20-10-2011,ETA's Permanent Ceasefire
0-0-2010,Austerity Measures During Crisis
1-6-2018,NoUnknownConfidence Vote Against Rajoy
0-0-1879,Discovery of Altamira Cave Paintings
0-0-1918,Spanish Flu Pandemic
31-3-1492,Alhambra Decree
6-12-1978,Spanish Constitution of 1978
11-7-2010,2010 FIFA World Cup Victory
21-4-1992,Launch of AVE HighUnknownSpeed Train
26-12-2007,Law of Historical Memory
8-8-1588,Sinking of the Spanish Armada
24-6-1779,The Great Siege of Gibraltar
0-0-1542,Leyes de Indias
0-0-1100 BC,Introduction of Phoenician Trade
0-0-711,Battle of Guadalete
0-0-1100 BC,Establishment of Gadir by Phoenicians
0-0-940,Gorm the Old Reign
0-0-960,Christianization of Denmark
0-0-1000,Christianization of Norway
0-0-1150,Swedish Conquest of Finland
0-0-1397,Establishment of the Kalmar Union
0-0-1349,Black Death in Norway
0-0-1362,Establishment as Swedish Duchy
26-2-1658,Treaty of Roskilde
0-0-1814,Dissolution of the Kalmar Union
0-0-1809,Finnish War and Cession to Russia
0-0-1939,Winter War
5-5-1945,Liberation of Denmark
8-5-1945,Liberation of Norway
0-0-1941,Continuation War
0-0-1728,Copenhagen Fire
4-11-1814,Union with Sweden
0-0-1944,Lapland War
0-0-1848,First Schleswig War
7-6-1905,Norwegian Independence
0-0-1918,Finnish Civil War
0-0-1864,Second Schleswig War
0-0-1048,Founding of Oslo
0-9-1809,Signing of the Treaty of Fredrikshamn
0-0-1867,Discovery of Diamonds
0-0-1914,Amalgamation of Northern and Southern Protectorates
0-0-1952,Mau Mau Uprising
0-0-1954,Algerian War of Independence
0-0-1911,Italian Invasion of Libya
20-3-1956,Independence from France
0-0-1450,Great Zimbabwe Era
0-0-1062,Foundation of Marrakech
0-0-1482,Portuguese Colonialism Begins
17-11-1869,Suez Canal Opening
0-4-1994,Rwandan Genocide
0-0-1971,Idi Amin's Regime
0-0-1991,Somali Civil War Begins
30-9-1966,Independence from Britain
21-3-1990,Independence from South Africa
0-0-1881,Mahdist War
7-8-1960,Independence from France
6-3-1957,Ghana's Independence
26-4-1964,Union of Tanganyika and Zanzibar
1-9-1969,Libyan Revolution (1969)
26-6-1960,Independence from France
12-9-1974,Ethiopian Revolution
6-7-1967,Nigerian Civil War
21-3-1960,Sharpeville Massacre
0-0-1956,Battle of Algiers
25-6-1975,Independence from Portugal
24-10-1964,Independence from Britain
4-4-1960,Independence from France
30-6-1960,Independence from Belgium
27-4-1961,Independence from Britain
22-9-1960,Independence from France
4-8-1983,August Revolution
18-4-1980,Independence from Britain
23-7-1952,Egyptian Revolution of 1952
12-12-1963,Independence from Britain
1-1-1960,Independence from France
24-5-1993,Independence from Ethiopia
11-2-1990,Nelson Mandela's Release from Prison
4-8-1993,Signing of Arusha Accords
9-1-2005,Comprehensive Peace Agreement
17-2-2011,Libyan Civil War
1-10-1960,Independence from Britain
1-8-1960,Dahomey (Benin) Independence
18-12-2010,Tunisian Revolution
6-8-1981,Abolition of Slavery
17-8-1960,Independence from France
4-10-1966,Independence from Britain
18-2-1965,Independence from Britain
27-6-1977,Independence from France
12-10-1968,Independence from Spain
29-6-1976,Independence from Britain
1-7-1960,Independence and Unification
5-7-1975,Independence from Portugal
24-9-1973,Independence from Portugal
6-7-1975,Independence from France
11-11-1975,Independence from Portugal
13-8-1960,Independence from France
11-8-1960,Independence from France
6-7-1964,Independence from Britain
1-7-1962,Independence from Belgium
15-8-1960,Independence from France
27-4-1960,Independence from France
7-8-1960,Independence from France
3-8-1960,Independence from France
6-9-1968,Independence from Britain
2-10-1958,Independence from France
0-0-1991,Movement for Multiparty Democracy
4-10-1992,Mozambique Civil War Ends
27-4-1994,End of Apartheid
23-4-1993,Eritrean Independence Referendum
21-3-1990,Namibian Independence
0-0-2000,Land Reform Program Begins
0-0-2002,Algerian Civil War Ends
18-1-2002,End of Sierra Leone Civil War
0-0-2001,Gacaca Courts Initiated
0-0-2011,Joseph Kony Insurgency Declines
20-10-2011,Fall of Gaddafi
25-1-2011,Egyptian Revolution of 2011
22-3-2012,Coup d'état
0-12-2012,Seleka Rebellion Begins
0-0-2009,Boko Haram Insurgency Intensifies
9-7-2011,Independence from Sudan
31-10-2014,Fall of Blaise Compaoré
21-11-2017,Coup d'état Leads to Mugabe's Resignation
2-4-2018,Appointment of Abiy Ahmed
19-12-2018,Sudanese Revolution
22-2-2019,Hirak Protest Movement
0-0-1981,Abolition of Slavery Enforced
0-0-1989,Operation Carlota Ends
15-1-2019,Nairobi's DusitD2 Complex Attack
14-3-2019,Cyclone Idai
4-11-2020,Tigray Conflict Begins
8-10-2020,#EndSARS Protests
3-10-2020,Juba Peace Agreement
14-1-2021,2021 General Elections
20-4-2021,Death of President Idriss Déby
22-4-1500,Discovery by Portugal
7-9-1822,Independence from Portugal
13-5-1888,Abolition of Slavery
15-11-1889,Proclamation of the Republic
3-11-1930,Vargas Era Begins
31-3-1964,Military Coup
0-0-1984,Direct Elections Now Campaign
1-7-1994,Real Plan Implementation
1-1-2003,Lula da Silva's Presidency
30-6-2002,FIFA World Cup Victory
21-4-1960,Construction of Brasília
0-0-1967,Tropicália Movement
29-12-1992,Fernando Collor's Impeachment
1-7-1994,Plano Real Economic Stabilization
0-6-1992,Rio Earth Summit
1-1-1995,FHC Presidency (Fernando Henrique Cardoso)
0-0-2005,Mensalão Scandal
31-8-2016,Dilma Rousseff's Impeachment
0-0-2015,Zika Virus Outbreak
0-0-2014,Operation Car Wash (Lava Jato)
0-8-2019,Amazon Rainforest Wildfires
1-1-2019,Bolsonaro Presidency Begins
0-0-962,Foundation of the Holy Roman Empire
0-0-1075,The Investiture Controversy
0-0-1347,The Black Death in Europe
31-10-1517,Martin Luther's 95 Theses
25-9-1555,The Peace of Augsburg
0-5-1618,The Defenestration of Prague
0-10-1648,The Peace of Westphalia
0-1-1701,The Foundation of the Kingdom of Prussia
0-0-1756,The Seven Years' War
0-0-1772,The Partition of Poland
0-10-1813,Napoleonic Wars and the Battle of Leipzig
0-9-1814,Congress of Vienna
0-0-1848,Revolutions of 1848 in the German states
0-1-1871,Unification of Germany
0-7-1870,FrancoUnknownPrussian War
0-7-1814,World War I
0-11-1918,Weimar Republic Established
0-0-1923,Hyperinflation Crisis
0-1-1933,Nazi Party's Rise to Power
0-11-1938,Kristallnacht (Night of Broken Glass)
0-9-1939,Beginning of World War II
0-0-1941,The Holocaust
0-7-1942,Battle of Stalingrad
0-6-1944,DUnknownDay (Normandy Landings)
0-5-1945,Surrender of Nazi Germany
0-0-1948,Marshall Plan Aid
0-5-1949,Foundation of the Federal Republic of Germany (West Germany) and the German Democratic Republic (East Germany)
0-8-1961,Construction of the Berlin Wall
0-11-1989,The Berlin Wall Falls
0-10-1990,German Reunification
0-9-1990,Treaty on the Final Settlement with Respect to Germany
0-2-1992,Establishment of the European
0-1-2002,Adoption of the Euro
0-7-2006,2006 FIFA World Cup
0-0-2015,Refugee Crisis
25-5-1810,May Revolution
9-7-1816,Declaration of Independence
0-0-1870,Conquest of the Desert
0-0-1930,Immigration Wave to Argentina
4-6-1946,First Presidency of Juan Domin go Perón
24-3-1976,The Dirty War
2-4-1982,Falklands War
10-12-1983,Return to Democracy
1-12-2001,2001 Economic Crisis
15-7-2010,SameUnknownSex Marriage Law
16-4-2012,Nationalization of YPF
25-6-1978,1978 FIFA World Cup Victory
0-0-2018,Economic Crisis and IMF Loan
13-3-2013,Jorge Mario Bergoglio becomes Pope Francis
0-12-2001,Cacerolazo Protests
0-12-2020,Legalization of Abortion
0-0-1400 BC,Establishment of the Olmec Civilization
0-0-0,Founding of Teotihuacan
0-0-250,Maya Civilization's Classical Period
0-0-750,The Fall of Teotihuacan
18-7-1325,Founding of Tenochtitlán
13-8-1521,Arrival of the Spanish and the Fall of Tenochtitlán
1-0-1521,Colonial Period Begins
16-9-1810,Mexican War of Independence Begins
24-8-1821,Treaty of Córdoba
28-9-1821,First Mexican Empire Declared
25-4-1846,U.S.UnknownMexican War
0-0-1857,Reform Wars
0-0-1862,French Intervention in Mexico
20-11-1910,Mexican Revolution
